Wall time,Step,Value
1592554169.8138433,0,-26.564434051513672
