Wall time,Step,Value
1592554169.815581,0,-167.09857177734375
